
CREATE TABLE FIGURAS(
ID INTEGER PRIMARY KEY
);

CREATE TABLE GRUPOS(
ID INTEGER PRIMARY KEY,
NOMBRE VARCHAR UNIQUE
);

CREATE TABLE GRUPOSFIGURAS(
GRUPO INTEGER,
FIGURA INTEGER,
PRIMARY KEY(GRUPO,FIGURA),
FOREIGN KEY(GRUPO) REFERENCES GRUPOS (ID),
FOREIGN KEY(FIGURA) REFERENCES FIGURAS (ID)
);

CREATE TABLE EFECTOS(
ID INTEGER PRIMARY KEY,
NOMBRE VARCHAR UNIQUE
);

CREATE TABLE EFECTOSFIGURAS(
EFECTO INTEGER,
FIGURA INTEGER,
PRIMARY KEY(EFECTO,FIGURA),
FOREIGN KEY(EFECTO) REFERENCES EFECTOS (ID),
FOREIGN KEY(FIGURA) REFERENCES FIGURAS (ID)
);

CREATE TABLE POLACO(
ID INTEGER PRIMARY KEY,
ACCION VARCHAR(40) NOT NULL UNIQUE,
TEXTO TEXT UNIQUE NOT NULL
);

CREATE TABLE COREANO(
ID INTEGER PRIMARY KEY,
ACCION VARCHAR(40) NOT NULL UNIQUE,
TEXTO TEXT UNIQUE NOT NULL
);

CREATE TABLE VIETNAMITA (
ID INTEGER PRIMARY KEY,
ACCION VARCHAR(40) NOT NULL UNIQUE,
TEXTO TEXT UNIQUE NOT NULL
);

CREATE TABLE ALEMAN(
ID INTEGER PRIMARY KEY,
ACCION VARCHAR(40) NOT NULL UNIQUE,
TEXTO TEXT UNIQUE NOT NULL
);

CREATE TABLE INGLES(
ID INTEGER PRIMARY KEY,
ACCION VARCHAR(40)NOT NULL UNIQUE,
TEXTO TEXT UNIQUE NOT NULL
);

CREATE TABLE SPANISH(
ID INTEGER PRIMARY KEY,
ACCION VARCHAR(40) NOT NULL UNIQUE,
TEXTO TEXT UNIQUE NOT NULL
);

CREATE TABLE FRANCES(
ID INTEGER PRIMARY KEY,
ACCION VARCHAR(40) NOT NULL UNIQUE,
TEXTO TEXT UNIQUE NOT NULL
);

CREATE TABLE PORTUGES(
ID INTEGER PRIMARY KEY,
ACCION VARCHAR(40) NOT NULL UNIQUE,
TEXTO TEXT UNIQUE NOT NULL
);

CREATE TABLE ITALIANO(
ID INTEGER PRIMARY KEY,
ACCION VARCHAR(40) NOT NULL UNIQUE,
TEXTO TEXT UNIQUE NOT NULL
);

CREATE TABLE HINDU(
ID INTEGER PRIMARY KEY,
ACCION VARCHAR(40) NOT NULL UNIQUE,
TEXTO TEXT UNIQUE NOT NULL
);

CREATE TABLE CHINO(
ID INTEGER PRIMARY KEY,
ACCION VARCHAR(40) NOT NULL UNIQUE,
TEXTO TEXT UNIQUE NOT NULL
);

CREATE TABLE JAPONES(
ID INTEGER PRIMARY KEY,
ACCION VARCHAR(40) NOT NULL UNIQUE,
TEXTO TEXT UNIQUE NOT NULL
);

CREATE TABLE ARABE(
ID INTEGER PRIMARY KEY,
ACCION VARCHAR(40) NOT NULL UNIQUE,
TEXTO TEXT UNIQUE NOT NULL
);

CREATE TABLE BENGALI(
ID INTEGER PRIMARY KEY,
ACCION VARCHAR(40) NOT NULL UNIQUE,
TEXTO TEXT UNIQUE NOT NULL
);

CREATE TABLE CATALAN(
ID INTEGER PRIMARY KEY,
ACCION VARCHAR(40) NOT NULL UNIQUE,
TEXTO TEXT UNIQUE NOT NULL
);

CREATE TABLE EUSKERA(
ID INTEGER PRIMARY KEY,
ACCION VARCHAR(40) NOT NULL UNIQUE,
TEXTO TEXT UNIQUE NOT NULL
);

CREATE TABLE RUSO(
ID INTEGER PRIMARY KEY,
ACCION VARCHAR(40) NOT NULL UNIQUE,
TEXTO TEXT UNIQUE NOT NULL
);

CREATE TABLE FIGURAS_POLACO(
FIGURA INTEGER PRIMARY KEY,
TEXTO TEXT NOT NULL UNIQUE,
FOREIGN KEY(FIGURA) REFERENCES FIGURAS (ID)
);

CREATE TABLE FIGURAS_COREANO(
FIGURA INTEGER PRIMARY KEY,
TEXTO TEXT NOT NULL UNIQUE,
FOREIGN KEY(FIGURA) REFERENCES FIGURAS (ID)
);

CREATE TABLE FIGURAS_VIETNAMITA (
FIGURA INTEGER PRIMARY KEY,
TEXTO TEXT NOT NULL UNIQUE,
FOREIGN KEY(FIGURA) REFERENCES FIGURAS (ID)
);

CREATE TABLE FIGURAS_ALEMAN(
FIGURA INTEGER PRIMARY KEY,
TEXTO TEXT NOT NULL UNIQUE,
FOREIGN KEY(FIGURA) REFERENCES FIGURAS (ID)
);

CREATE TABLE FIGURAS_INGLES(
FIGURA INTEGER PRIMARY KEY,
TEXTO TEXT NOT NULL UNIQUE,
FOREIGN KEY(FIGURA) REFERENCES FIGURAS (ID)
);

CREATE TABLE FIGURAS_SPANISH(
FIGURA INTEGER PRIMARY KEY,
TEXTO TEXT NOT NULL UNIQUE,
FOREIGN KEY(FIGURA) REFERENCES FIGURAS (ID)
);

CREATE TABLE FIGURAS_FRANCES(
FIGURA INTEGER PRIMARY KEY,
TEXTO TEXT NOT NULL UNIQUE,
FOREIGN KEY(FIGURA) REFERENCES FIGURAS (ID)
);

CREATE TABLE FIGURAS_PORTUGES(
FIGURA INTEGER PRIMARY KEY,
TEXTO TEXT NOT NULL UNIQUE,
FOREIGN KEY(FIGURA) REFERENCES FIGURAS (ID)
);

CREATE TABLE FIGURAS_ITALIANO(
FIGURA INTEGER PRIMARY KEY,
TEXTO TEXT NOT NULL UNIQUE,
FOREIGN KEY(FIGURA) REFERENCES FIGURAS (ID)
);

CREATE TABLE FIGURAS_HINDU(
FIGURA INTEGER PRIMARY KEY,
TEXTO TEXT NOT NULL UNIQUE,
FOREIGN KEY(FIGURA) REFERENCES FIGURAS (ID)
);

CREATE TABLE FIGURAS_CHINO(
FIGURA INTEGER PRIMARY KEY,
TEXTO TEXT NOT NULL UNIQUE,
FOREIGN KEY(FIGURA) REFERENCES FIGURAS (ID)
);

CREATE TABLE FIGURAS_JAPONES(
FIGURA INTEGER PRIMARY KEY,
TEXTO TEXT NOT NULL UNIQUE,
FOREIGN KEY(FIGURA) REFERENCES FIGURAS (ID)
);

CREATE TABLE FIGURAS_ARABE(
FIGURA INTEGER PRIMARY KEY,
TEXTO TEXT NOT NULL UNIQUE,
FOREIGN KEY(FIGURA) REFERENCES FIGURAS (ID)
);

CREATE TABLE FIGURAS_BENGALI(
FIGURA INTEGER PRIMARY KEY,
TEXTO TEXT NOT NULL UNIQUE,
FOREIGN KEY(FIGURA) REFERENCES FIGURAS (ID)
);

CREATE TABLE FIGURAS_CATALAN(
FIGURA INTEGER PRIMARY KEY,
TEXTO TEXT NOT NULL UNIQUE,
FOREIGN KEY(FIGURA) REFERENCES FIGURAS (ID)
);

CREATE TABLE FIGURAS_EUSKERA(
FIGURA INTEGER PRIMARY KEY,
TEXTO TEXT NOT NULL UNIQUE,
FOREIGN KEY(FIGURA) REFERENCES FIGURAS (ID)
);

CREATE TABLE FIGURAS_RUSO(
FIGURA INTEGER PRIMARY KEY,
TEXTO TEXT NOT NULL UNIQUE,
FOREIGN KEY(FIGURA) REFERENCES FIGURAS (ID)
);

INSERT INTO INGLES VALUES
(1,'mandalas','Mandalas'),
(2,'geometria','Geometry'),
(3,'circulos','Circles'),
(4,'dibujos','Drawings'),
(5,'estrellas','Stars'),
(6,'feria','Fair'),
(7,'juegos','Games'),
(8,'plantas','Plants'),
(9,'flechas','Arrows'),
(10,'simbolos','Simbls'),
(11,'basicos','Basics');

INSERT INTO SPANISH VALUES
(1,'mandalas','Mandalas'),
(2,'geometria','Geometría'),
(3,'circulos','Círculos'),
(4,'dibujos','Dibujos'),
(5,'estrellas','Estrellas'),
(6,'feria','Feria'),
(7,'juegos','Juegos'),
(8,'plantas','Plantas'),
(9,'flechas','Flechas'),
(10,'simbolos','Símbolos'),
(11,'basicos','Básicos');

INSERT INTO GRUPOS VALUES
(1,'basicos'),
(2,'geometria'),
(3,'circulos'),
(4,'estrellas'),
(5,'simbolos'),
(6,'juegos'),
(7,'plantas'),
(8,'flechas'),
(9,'feria'),
(10,'mandalas'),
(11,'dibujos'),
(12,'numeros'),
(13,'letras');

INSERT INTO FIGURAS VALUES
(1),
(2),
(3),
(4),
(5),
(6),
(7),
(8),
(9),
(10),
(11),
(12),
(13),
(14),
(15),
(16),
(17),
(18),
(19),
(20),
(21),
(22),
(23),
(24),
(25),
(26),
(27),
(28),
(29),
(30),
(31),
(32),
(33),
(34),
(35),
(36),
(37),
(38),
(39),
(40),
(41),
(42),
(43),
(44),
(45),
(46),
(47),
(48),
(49),
(50),
(51),
(52),
(53),
(54),
(55),
(56);

INSERT INTO GRUPOSFIGURAS VALUES
(3,1),
(3,2),
(9,3),
(2,4),
(6,5),
(5,6),
(7,7),
(5,8),
(4,9),
(2,10),
(5,11),
(1,12),
(1,13),
(5,14),
(3,15),
(3,16),
(3,17),
(11,18),
(11,19),
(11,20),
(11,21),
(11,22),
(11,23),
(11,24),
(4,25),
(4,26),
(5,27),
(5,28),
(13,29),
(12,30),
(2,31),
(2,32),
(2,33),
(2,34),
(2,35),
(2,36),
(2,37),
(2,38),
(2,39),
(2,40),
(2,41),
(5,42),
(6,43),
(10,44),
(10,45),
(10,46),
(10,47),
(10,48),
(10,49),
(10,50),
(10,51),
(7,52),
(7,53),
(1,54),
(1,55),
(1,56);

INSERT INTO FIGURAS_INGLES VALUES
(1,'Circle'),
(2,'Ring'),
(3,'Fair hoop'),
(4,'Cylinder'),
(5,'Kite'),
(6,'Heart'),
(7,'Clover'),
(8,'Cross'),
(9,'David star'),
(10,'Scalene'),
(11,'Moon'),
(12,'Line'),
(13,'Point'),
(14,'Ying Yang'),
(15,'Half circle'),
(16,'Wheel'),
(17,'Semi circle'),
(18,'Free drawing 1'),
(19,'Free drawing 2'),
(20,'Free drawing 3'),
(21,'Free drawing 4'),
(22,'Free drawing 5'),
(23,'Free drawing 6'),
(24,'Free drawing 7'),
(25,'Star'),
(26,'5 point star'),
(27,'Arrow'),
(28,'Letter 2'),
(29,'A'),
(30,'1'),
(31,'Triangle'),
(32,'Square'),
(33,'Hexagon'),
(34,'Octagon'),
(35,'Parallelogram'),
(36,'Pentagon'),
(37,'Poligon'),
(38,'Rectangle'),
(39,'Rhombus'),
(40,'Trapeze'),
(41,'Rectangle Triangle'),
(42,'Letter'),
(43,'Pacman'),
(44,'Mandala 1'),
(45,'Mandala 2'),
(46,'Mandala 3'),
(47,'Mandala 4'),
(48,'Mandala 5'),
(49,'Mandala 6'),
(50,'Circle Mandala'),
(51,'Star Mandala'),
(52,'3 Leaf Clover'),
(53,'4 Leaf Clover'),
(54,'Pencil'),
(55,'Draft'),
(56,'Spray');

INSERT INTO FIGURAS_SPANISH VALUES
(1,'Círculo'),
(2,'Anillo'),
(3,'Aro de feria'),
(4,'Cilindro'),
(5,'Cometa'),
(6,'Corazón'),
(7,'Trébol'),
(8,'Cruz'),
(9,'Estrella de David'),
(10,'Escaleno'),
(11,'Luna'),
(12,'Línea'),
(13,'Punto'),
(14,'Ying Yang'),
(15,'Medio círculo'),
(16,'Rueda'),
(17,'Semi circulo'),
(18,'Dibujo Libre 1'),
(19,'Dibujo Libre 2'),
(20,'Dibujo Libre 3'),
(21,'Dibujo Libre 4'),
(22,'Dibujo Libre 5'),
(23,'Dibujo Libre 6'),
(24,'Dibujo Libre 7'),
(25,'Estrella'),
(26,'5 puntos'),
(27,'Flecha'),
(28,'Carta 2'),
(29,'A'),
(30,'1'),
(31,'Triángulo'),
(32,'Cuadrado'),
(33,'Hexágono'),
(34,'Octógono'),
(35,'Paralelogramo'),
(36,'Pentágono'),
(37,'Polígono'),
(38,'Rectángulo'),
(39,'Rombo'),
(40,'Trapecio'),
(41,'Triángulo Rectángulo'),
(42,'Carta'),
(43,'Pacman'),
(44,'Mandala 1'),
(45,'Mandala 2'),
(46,'Mandala 3'),
(47,'Mandala 4'),
(48,'Mandala 5'),
(49,'Mandala 6'),
(50,'Mandala de círculo'),
(51,'Mandala de estrella'),
(52,'Trébol de 3 hojas'),
(53,'Trébol de 4 hojas'),
(54,'Lapiz'),
(55,'Borrador'),
(56,'Spray');

COMMIT;